INSERT INTO tb_alimentacao (var_nome, bool_fonte_animal, bool_fonte_vegetal) VALUES('Carnivoro', true, false),('Herbivoro', false, true),('Onivoro', true, true);
INSERT INTO tb_tipo_mamifero (var_nome, bool_mamilos, bool_marsupio, bool_placenta) VALUES('Monotremado', false, false, false),('Marsupial', true, true, true),('Placentario', true, false, true);
INSERT INTO tb_ambiente (var_nome) VALUES('Aereo'),('Aquatico'),('Terrestre');
INSERT INTO tb_mamifero(var_nome, var_cor, double_peso, var_vertebrado_invertebrado, var_tipo_sangue, bool_pelos, bool_glandulas_mamarias, int_patas, var_tipo_mamifero, var_alimentacao, var_ambiente) VALUES ('Cachorro', 'Preto', 42.5, 'VERTEBRADO', 'QUENTE', true, true, 4, 'Placentario', 'Carnivoro', 'Terrestre');
INSERT INTO tb_mamifero(var_nome, var_cor, double_peso, var_vertebrado_invertebrado, var_tipo_sangue, bool_pelos, bool_glandulas_mamarias, int_patas, var_tipo_mamifero, var_alimentacao, var_ambiente) VALUES ('Leao', 'Amarelo', 190.0, 'VERTEBRADO', 'QUENTE', true, true, 4, 'Placentario', 'Carnivoro', 'Terrestre');
INSERT INTO tb_mamifero(var_nome, var_cor, double_peso, var_vertebrado_invertebrado, var_tipo_sangue, bool_pelos, bool_glandulas_mamarias, int_patas, var_tipo_mamifero, var_alimentacao, var_ambiente) VALUES ('Baleia', 'Azul', 150000.0, 'VERTEBRADO', 'QUENTE', false, true, 0, 'Placentario', 'Carnivoro', 'Aquatico');
INSERT INTO tb_mamifero(var_nome, var_cor, double_peso, var_vertebrado_invertebrado, var_tipo_sangue, bool_pelos, bool_glandulas_mamarias, int_patas, var_tipo_mamifero, var_alimentacao, var_ambiente) VALUES ('Golfinho', 'Azul', 650.0, 'VERTEBRADO', 'QUENTE', false, true, 0, 'Placentario', 'Carnivoro', 'Aquatico');
INSERT INTO tb_mamifero(var_nome, var_cor, double_peso, var_vertebrado_invertebrado, var_tipo_sangue, bool_pelos, bool_glandulas_mamarias, int_patas, var_tipo_mamifero, var_alimentacao, var_ambiente) VALUES ('Morcego', 'Preto', 0.100, 'VERTEBRADO', 'QUENTE', true, true, 4, 'Placentario', 'Carnivoro', 'Aereo');
INSERT INTO tb_mamifero(var_nome, var_cor, double_peso, var_vertebrado_invertebrado, var_tipo_sangue, bool_pelos, bool_glandulas_mamarias, int_patas, var_tipo_mamifero, var_alimentacao, var_ambiente) VALUES ('Tigre', 'Amarelo e preto', 310.0, 'VERTEBRADO', 'QUENTE', true, true, 4, 'Placentario', 'Carnivoro', 'Terrestre');
INSERT INTO tb_mamifero(var_nome, var_cor, double_peso, var_vertebrado_invertebrado, var_tipo_sangue, bool_pelos, bool_glandulas_mamarias, int_patas, var_tipo_mamifero, var_alimentacao, var_ambiente) VALUES ('Vaca', 'Preto', 720.0, 'VERTEBRADO', 'QUENTE', true, true, 4, 'Placentario', 'Herbivoro', 'Terrestre');
INSERT INTO tb_mamifero(var_nome, var_cor, double_peso, var_vertebrado_invertebrado, var_tipo_sangue, bool_pelos, bool_glandulas_mamarias, int_patas, var_tipo_mamifero, var_alimentacao, var_ambiente) VALUES ('Gato', 'Laranja', 10.0, 'VERTEBRADO', 'QUENTE', true, true, 4, 'Placentario', 'Carnivoro', 'Terrestre');
INSERT INTO tb_mamifero(var_nome, var_cor, double_peso, var_vertebrado_invertebrado, var_tipo_sangue, bool_pelos, bool_glandulas_mamarias, int_patas, var_tipo_mamifero, var_alimentacao, var_ambiente) VALUES ('Lobo', 'Branco', 80.0, 'VERTEBRADO', 'QUENTE', true, true, 4, 'Placentario', 'Carnivoro', 'Terrestre');
INSERT INTO tb_mamifero(var_nome, var_cor, double_peso, var_vertebrado_invertebrado, var_tipo_sangue, bool_pelos, bool_glandulas_mamarias, int_patas, var_tipo_mamifero, var_alimentacao, var_ambiente) VALUES ('Camelo', 'Marrom', 500.00, 'VERTEBRADO', 'QUENTE', true, true, 4, 'Placentario', 'Herbivoro', 'Terrestre');
INSERT INTO tb_mamifero(var_nome, var_cor, double_peso, var_vertebrado_invertebrado, var_tipo_sangue, bool_pelos, bool_glandulas_mamarias, int_patas, var_tipo_mamifero, var_alimentacao, var_ambiente) VALUES ('Macaco-Prego', 'Preto', 2.2, 'VERTEBRADO', 'QUENTE', true, true, 4, 'Placentario', 'Carnivoro', 'Terrestre');